,age,study_time,failures,family_support,extra_educational_support,internet,romantic,free_time,going_out,health,absences,G1,G2,G3
0,17,2,2,no,no,yes,yes,1,4,3,1,5,7,3.1
1,18,3,3,no,yes,yes,yes,3,5,4,2,5,12,7.2
2,15,1,1,no,yes,yes,yes,3,1,4,5,17,14,16.4
3,17,1,3,no,yes,yes,no,4,3,2,2,9,17,12.4
4,17,1,3,yes,no,no,yes,5,5,5,9,8,16,9.8
5,18,1,2,yes,no,yes,no,2,2,5,23,5,12,6.5
6,15,4,3,no,no,yes,no,1,4,4,5,8,6,7.9
7,15,1,2,yes,no,yes,yes,1,5,2,22,7,16,11.8
8,17,4,0,no,no,no,yes,5,4,5,15,6,8,9.7
9,16,4,0,yes,no,yes,no,4,2,2,16,13,14,17.1
10,17,1,2,no,no,yes,no,4,3,2,18,15,17,13.7
11,17,1,0,no,yes,no,yes,5,3,4,2,5,5,5.5
12,17,2,1,yes,no,no,yes,4,2,4,17,11,8,11.2
13,17,3,3,yes,yes,yes,yes,1,4,1,6,17,16,15.7
14,18,1,1,no,yes,yes,no,1,5,5,8,8,17,11.7
15,15,2,3,no,no,yes,no,2,2,5,19,9,17,11.6
16,18,2,0,yes,no,yes,no,5,1,5,11,14,15,15.6
17,18,3,1,yes,yes,yes,no,3,4,3,4,9,17,14.8
18,18,4,0,no,yes,no,no,3,3,2,2,5,8,8.0
19,17,1,3,yes,no,no,yes,2,2,4,10,10,14,10.3
20,16,3,2,no,no,yes,yes,2,3,5,24,17,13,13.1
21,15,1,2,no,yes,yes,no,4,4,1,3,13,7,9.3
22,16,2,1,no,no,no,no,2,3,5,4,6,6,5.1
23,18,2,0,no,no,yes,yes,2,2,2,0,11,13,11.8
24,18,4,0,yes,no,yes,yes,3,4,2,17,10,13,15.3
25,16,2,1,yes,yes,yes,yes,4,1,4,11,9,5,10.1
26,16,2,2,yes,yes,yes,yes,2,2,3,12,8,10,9.9
27,16,3,3,yes,yes,yes,no,2,5,4,8,8,14,8.9
28,18,1,1,yes,no,no,yes,4,2,5,1,10,12,10.3
29,18,1,3,yes,no,yes,no,5,4,1,4,8,7,5.3
30,15,3,2,yes,yes,yes,yes,4,2,4,12,9,15,15.2
31,15,4,0,no,yes,yes,yes,3,1,3,15,17,13,17.3
32,18,1,2,yes,yes,no,yes,5,1,4,15,10,6,6.5
33,16,2,1,yes,no,no,no,1,5,2,23,9,10,12.4
34,16,1,0,no,yes,no,no,4,3,5,2,11,5,9.0
35,15,2,1,yes,yes,no,yes,3,4,5,21,13,17,17.5
36,18,4,1,yes,no,yes,no,5,4,5,3,14,11,14.8
37,15,3,2,no,no,no,no,4,3,5,10,11,7,8.9
38,15,1,1,yes,no,yes,yes,2,1,5,22,11,11,12.9
39,17,3,2,yes,yes,yes,yes,4,1,5,13,8,8,8.9
40,17,1,0,yes,no,no,no,1,2,1,2,5,13,11.9
41,17,2,2,no,no,no,no,4,5,3,15,12,9,10.1
42,16,3,0,yes,yes,no,no,5,5,5,21,8,7,9.9
43,18,1,2,yes,no,no,yes,5,5,3,14,5,12,7.9
44,18,2,3,no,yes,no,yes,4,2,5,9,9,10,8.5
45,18,3,3,yes,yes,yes,no,5,5,4,8,12,6,9.5
46,18,3,1,no,no,no,yes,2,3,5,10,8,7,8.7
47,17,1,2,no,no,no,yes,4,2,2,15,17,12,11.0
48,16,1,2,yes,no,no,no,2,3,1,9,16,14,12.6
49,16,1,0,no,no,yes,no,2,2,4,16,12,11,10.7
50,17,2,1,no,no,no,yes,3,5,4,18,12,14,12.9
51,16,1,2,yes,no,yes,yes,4,3,2,1,7,10,7.5
52,17,3,1,no,yes,no,no,5,3,5,23,13,5,8.7
53,18,3,3,no,yes,no,yes,2,3,1,22,7,13,9.8
54,17,1,2,yes,no,yes,yes,3,2,4,1,5,7,4.1
55,18,1,2,yes,yes,no,no,4,4,1,5,6,9,5.5
56,18,4,1,yes,no,yes,no,4,5,4,18,10,11,13.6
57,15,3,2,no,yes,yes,yes,1,3,5,7,16,11,14.5
58,17,2,1,yes,yes,yes,yes,1,4,4,2,14,7,14.0
59,15,4,2,no,yes,no,yes,2,5,4,13,6,8,8.4
60,17,1,0,no,no,no,no,1,5,3,24,10,14,14.4
61,17,1,1,no,yes,no,yes,2,3,5,15,5,11,6.4
62,15,3,2,no,no,yes,yes,5,3,2,0,15,12,15.7
63,15,1,3,no,yes,no,no,2,2,2,20,17,6,6.8
64,17,2,2,no,yes,yes,no,1,4,5,2,5,13,7.7
65,16,3,3,no,yes,no,yes,5,4,2,21,9,11,9.4
66,18,1,3,yes,yes,yes,no,1,3,5,17,14,17,12.1
67,15,3,0,yes,yes,yes,no,2,5,2,8,17,12,17.0
68,18,1,1,no,no,yes,yes,3,3,3,5,15,10,11.0
69,16,1,2,no,no,no,no,4,5,2,22,13,10,9.6
70,16,1,0,yes,yes,yes,no,1,5,4,20,12,13,15.7
71,16,2,2,no,yes,yes,yes,2,3,5,24,7,8,6.7
72,15,2,3,yes,yes,yes,no,5,1,1,0,7,15,9.5
73,16,3,1,yes,yes,yes,yes,1,4,1,20,5,15,9.3
74,15,1,2,yes,no,yes,yes,1,5,5,9,7,9,7.9
75,16,1,2,no,yes,yes,no,4,5,3,5,16,13,13.7
76,18,2,3,no,no,no,no,2,1,2,22,16,5,6.8
77,18,1,2,yes,yes,no,no,3,2,3,11,16,8,11.3
78,17,2,2,yes,no,yes,yes,5,1,1,3,17,11,14.4
79,18,1,3,yes,yes,no,no,2,1,5,12,15,15,14.2
80,17,3,0,yes,yes,no,yes,5,5,5,16,5,13,11.7
81,18,1,3,yes,no,yes,no,1,4,3,7,12,17,11.8
82,15,1,0,no,yes,yes,no,4,1,3,19,5,15,10.3
83,18,4,1,yes,yes,yes,no,4,2,2,2,9,16,16.8
84,17,2,0,no,yes,no,yes,3,3,4,11,13,17,17.6
85,17,1,0,yes,no,yes,no,4,1,4,6,11,14,14.3
86,16,1,1,no,yes,no,no,1,1,2,11,8,10,9.6
87,15,4,0,no,yes,yes,yes,3,2,4,1,15,16,16.3
88,18,4,3,no,no,no,yes,2,4,1,23,13,12,12.9
89,16,2,0,no,no,yes,no,4,1,4,13,13,17,15.5
90,18,4,1,no,no,yes,no,3,1,2,21,6,13,13.3
91,18,3,3,no,yes,no,no,1,4,4,22,14,14,11.7
92,16,4,1,yes,yes,no,yes,5,2,5,4,14,8,13.1
93,16,3,1,no,yes,no,yes,5,1,3,8,15,5,11.8
94,16,2,2,yes,no,no,yes,1,4,1,20,16,12,14.9
95,16,2,2,no,yes,no,yes,1,1,5,10,10,6,6.8
96,16,2,1,no,yes,no,no,5,3,5,4,8,15,12.3
97,18,2,1,yes,no,yes,yes,3,5,2,2,12,5,10.4
98,16,2,1,no,no,no,yes,5,3,3,16,16,17,17.3
99,15,3,2,yes,no,yes,yes,1,1,3,1,15,11,13.6
100,17,3,2,yes,no,yes,no,4,2,1,23,11,16,15.0
101,16,2,0,yes,no,no,no,2,5,2,0,11,14,16.5
102,16,4,0,yes,yes,yes,yes,4,3,1,6,15,13,17.0
103,18,1,1,no,no,no,yes,4,4,4,13,14,15,13.3
104,16,2,3,no,yes,no,no,1,2,5,4,13,16,12.5
105,16,4,3,yes,yes,yes,no,5,3,1,18,17,16,16.0
106,16,1,2,no,no,yes,no,3,4,5,10,9,13,7.6
107,18,2,2,no,no,no,no,4,1,2,22,10,7,8.8
108,16,2,2,yes,no,no,no,5,4,4,24,5,10,5.5
109,17,3,1,no,yes,yes,no,3,3,2,1,10,11,11.3
110,18,1,3,yes,no,yes,no,4,3,4,7,6,14,9.0
111,17,1,0,yes,no,yes,no,3,1,4,8,10,13,13.6
112,18,4,1,no,no,yes,yes,5,4,5,2,13,6,11.1
113,16,3,0,no,no,no,yes,2,4,2,1,12,12,13.3
114,17,3,0,no,no,no,yes,5,1,2,6,13,11,14.7
115,18,3,1,yes,yes,no,yes,1,4,1,4,17,8,13.7
116,15,3,0,yes,yes,no,yes,3,1,2,20,14,6,13.7
117,16,1,3,no,yes,yes,yes,2,2,1,4,12,12,9.3
118,18,1,0,no,no,yes,no,3,3,3,19,7,15,12.0
119,15,2,3,no,no,no,no,3,2,3,12,12,9,7.9
120,18,2,3,no,no,no,yes,4,5,3,20,10,10,10.0
121,15,3,3,yes,yes,no,yes,1,5,2,19,17,15,16.2
122,16,3,2,no,no,no,no,3,5,2,5,10,11,10.2
123,17,3,0,yes,no,no,no,5,1,1,19,10,14,15.7
124,15,2,1,yes,no,no,no,5,4,4,17,7,5,6.6
125,18,4,1,no,yes,no,yes,4,2,1,24,14,12,14.6
126,16,4,0,no,no,no,no,1,2,3,1,5,8,12.1
127,15,2,2,no,yes,no,yes,1,2,1,24,16,17,14.9
128,18,2,2,yes,no,yes,yes,5,2,4,5,8,13,10.6
129,18,2,3,no,yes,no,no,2,5,2,8,14,5,7.0
130,18,2,0,no,yes,yes,no,4,2,1,24,16,15,16.1
131,15,2,0,yes,yes,yes,yes,4,4,3,2,10,6,11.0
132,15,2,1,no,no,no,no,5,5,3,0,15,10,12.9
133,15,3,0,yes,no,no,no,5,2,2,0,16,15,19.8
134,17,3,2,no,yes,yes,yes,2,1,1,18,14,14,14.8
135,15,3,0,yes,yes,yes,no,2,3,4,4,6,15,14.8
136,15,3,1,no,no,no,yes,1,3,2,12,11,5,8.3
137,15,2,3,no,no,yes,yes,4,3,1,18,11,8,8.1
138,17,4,1,yes,yes,no,no,4,5,5,11,15,12,17.2
139,15,1,1,yes,no,no,yes,5,2,3,15,8,14,10.6
140,18,2,3,no,no,no,yes,1,5,4,24,8,9,6.2
141,15,1,1,yes,no,yes,no,4,4,4,24,5,17,10.1
142,18,4,1,yes,no,yes,no,1,1,4,18,17,13,18.7
143,18,3,0,yes,yes,no,no,1,1,3,2,6,15,14.6
144,18,4,0,yes,no,yes,yes,5,3,1,11,13,15,19.6
145,17,2,3,no,no,yes,yes,1,3,2,4,14,10,9.8
146,17,3,0,no,yes,yes,no,2,3,1,1,12,5,11.4
147,17,2,0,yes,yes,yes,yes,2,2,2,21,12,10,14.6
148,15,3,1,yes,no,yes,no,3,4,4,6,13,10,12.9
149,18,1,2,yes,no,yes,no,5,4,1,12,11,17,12.5
150,17,1,0,yes,no,yes,yes,3,4,4,24,17,10,14.6
151,17,1,2,no,no,no,no,2,4,5,14,13,12,10.6
152,15,4,0,no,yes,yes,yes,3,3,4,21,14,10,14.3
153,17,2,0,yes,yes,yes,yes,5,1,4,2,16,9,14.4
154,15,4,3,yes,yes,yes,no,5,3,2,20,6,15,12.0
155,16,1,3,yes,no,yes,yes,1,4,5,19,10,6,6.1
156,17,2,3,no,no,yes,no,4,3,4,4,7,8,5.8
157,16,1,2,yes,no,yes,yes,1,4,4,23,15,14,13.3
158,15,4,1,no,no,yes,yes,5,5,5,7,10,9,10.9
159,18,4,0,yes,yes,yes,yes,2,1,5,21,7,14,15.0
160,17,4,0,no,yes,no,no,2,5,1,0,12,8,13.3
161,15,1,0,yes,no,yes,yes,1,2,2,7,15,6,13.1
162,18,2,2,no,yes,yes,no,5,3,5,23,17,11,14.5
163,18,2,3,yes,no,yes,yes,2,2,5,17,8,14,9.3
164,16,1,1,yes,no,yes,yes,5,3,3,19,16,14,16.5
165,15,2,2,yes,yes,no,no,2,5,5,15,14,6,9.1
166,18,1,3,no,no,no,no,5,4,2,17,10,5,6.8
167,17,2,2,yes,no,no,no,3,4,4,19,13,9,10.4
168,17,3,1,no,yes,no,no,5,3,4,11,6,16,12.9
169,16,3,3,no,no,no,no,5,4,4,12,6,17,9.2
170,18,4,2,yes,no,no,yes,1,5,4,12,11,5,9.6
171,15,3,1,yes,yes,no,yes,3,4,3,9,6,5,9.2
172,17,3,0,yes,no,no,no,4,5,5,6,6,5,8.1
173,18,3,1,no,yes,no,yes,1,2,4,24,8,10,12.4
174,18,1,0,yes,no,no,yes,4,5,1,13,13,13,14.8
175,16,3,2,no,yes,no,yes,2,1,4,23,12,14,14.0
176,17,3,3,no,yes,no,no,4,1,5,15,6,17,10.7
177,17,4,3,yes,yes,no,yes,5,1,4,14,12,15,14.6
178,15,3,2,yes,no,no,yes,4,3,3,11,8,16,11.6
179,17,3,3,yes,yes,no,yes,1,3,2,8,6,5,4.8
180,15,2,3,yes,yes,no,no,1,3,2,7,15,9,12.2
181,17,4,0,yes,yes,yes,yes,4,5,5,17,14,13,17.4
182,16,4,2,yes,yes,no,yes,1,3,2,22,11,13,13.9
183,17,4,1,no,yes,yes,no,1,2,2,17,10,5,8.0
184,15,4,0,no,no,no,no,4,1,1,12,14,12,15.7
185,15,4,2,no,no,no,yes,3,5,5,17,9,5,8.9
186,16,4,0,yes,no,yes,yes,3,1,5,14,15,12,16.4
187,17,1,1,no,no,no,no,2,3,2,3,5,5,5.3
188,17,3,1,no,no,yes,no,1,5,2,16,6,16,12.4
189,16,4,2,no,no,yes,no,4,4,2,4,12,9,11.1
190,17,3,1,no,no,yes,no,1,2,3,21,5,12,9.4
191,17,3,0,no,yes,no,no,5,3,4,15,7,10,10.4
192,15,1,1,yes,no,no,no,1,3,3,8,6,13,9.7
193,17,4,0,yes,yes,no,no,1,2,5,9,9,5,12.1
194,17,2,0,no,yes,yes,yes,3,2,1,23,8,13,11.7
195,16,1,1,no,no,yes,no,4,4,4,17,17,5,12.4
196,16,2,2,no,yes,no,no,1,3,1,16,11,14,12.0
197,18,3,3,yes,yes,no,yes,3,3,5,17,9,14,10.7
198,15,3,1,yes,yes,no,no,2,1,5,6,12,7,12.7
199,17,1,0,no,yes,no,no,3,5,1,3,8,5,7.9
200,17,1,0,yes,no,no,yes,3,5,1,4,16,7,11.6
201,18,2,1,yes,no,yes,no,3,1,1,22,10,16,13.4
202,17,4,2,no,no,yes,yes,1,5,5,15,8,15,12.2
203,15,2,2,yes,no,yes,yes,1,2,2,2,6,17,10.1
204,18,1,0,yes,no,no,yes,2,5,1,17,5,6,9.4
205,15,2,0,no,no,yes,yes,5,5,4,22,5,6,7.9
206,18,1,2,yes,no,yes,no,5,1,5,20,12,13,11.9
207,18,2,3,yes,no,yes,yes,5,4,3,13,8,12,8.7
208,16,1,1,no,no,yes,yes,2,5,3,14,9,5,6.0
209,15,1,0,yes,no,yes,no,5,5,4,16,15,16,15.3
210,17,1,0,yes,yes,no,yes,5,4,2,0,12,8,10.1
211,17,4,2,no,no,yes,yes,3,1,1,24,16,17,19.2
212,15,2,1,no,yes,no,yes,1,4,5,20,11,5,10.0
213,17,2,2,no,yes,no,yes,1,1,1,16,17,5,9.6
214,17,2,1,yes,yes,no,no,3,2,5,22,12,16,16.3
215,15,1,1,no,yes,no,yes,3,1,3,24,17,16,16.6
216,18,2,1,yes,no,no,no,3,2,1,10,12,8,12.0
217,15,2,0,no,yes,yes,no,1,2,4,16,10,6,8.2
218,18,1,3,yes,no,yes,yes,5,1,2,13,14,7,6.9
219,17,3,2,no,no,no,yes,3,3,4,19,6,15,11.7
220,17,1,3,no,yes,no,yes,2,1,2,18,10,13,6.7
221,17,2,2,no,no,no,yes,3,5,1,20,5,6,4.6
222,16,1,1,no,yes,yes,no,4,5,1,6,5,8,5.7
223,18,3,0,yes,yes,no,no,3,3,2,23,15,5,12.9
224,16,1,3,no,no,yes,no,1,2,3,12,7,6,4.0
225,16,2,0,no,no,no,yes,3,3,5,17,7,9,8.9
226,15,3,2,yes,yes,yes,no,4,5,4,22,15,14,15.9
227,16,4,0,no,no,no,yes,2,3,4,13,17,5,14.3
228,15,2,0,yes,no,yes,yes,5,1,4,0,9,15,16.7
229,15,3,3,no,no,no,yes,3,3,1,6,5,11,5.4
230,16,3,1,no,yes,yes,yes,4,2,4,7,14,8,12.2
231,18,4,0,no,yes,yes,yes,4,1,5,17,10,10,13.6
232,18,1,1,yes,no,yes,no,2,4,5,8,11,12,11.8
233,18,1,2,no,no,yes,no,1,5,2,0,14,17,12.6
234,18,2,0,no,no,yes,yes,3,5,1,21,16,10,15.9
235,18,4,3,no,no,yes,no,4,3,5,16,17,6,11.4
236,16,1,2,yes,no,yes,yes,2,1,3,18,15,5,8.1
237,16,4,2,yes,yes,no,yes,5,4,1,5,7,12,11.7
238,17,1,3,no,no,no,yes,4,1,1,2,8,12,8.9
239,18,3,0,yes,yes,no,no,2,5,5,23,14,13,16.9
240,16,1,0,no,no,no,yes,1,1,3,4,15,10,13.3
241,17,4,2,no,yes,no,yes,1,4,2,1,14,16,17.4
242,18,3,0,no,no,yes,no,4,3,5,19,16,5,11.9
243,15,3,1,no,yes,yes,no,4,2,3,24,14,13,16.4
244,17,3,3,no,no,yes,no,3,1,1,3,14,16,14.8
245,16,4,1,no,yes,yes,yes,2,2,3,9,14,17,16.6
246,15,2,0,no,yes,yes,yes,4,5,1,9,7,7,7.9
247,15,2,2,yes,yes,no,no,3,3,5,23,5,15,9.7
248,15,2,3,yes,yes,no,yes,3,3,5,20,12,10,8.2
249,17,4,0,yes,yes,no,no,4,1,4,10,17,14,20.0
250,16,3,0,yes,yes,no,no,1,3,4,15,14,17,18.0
251,15,2,2,yes,no,yes,yes,2,1,4,16,14,14,14.5
252,18,4,2,yes,yes,yes,yes,2,1,5,15,6,15,11.0
253,15,2,1,yes,no,yes,no,1,2,2,6,5,16,12.8
254,15,1,3,no,no,no,no,4,3,5,15,12,13,10.4
255,17,2,3,no,no,yes,no,2,1,3,2,11,15,10.3
256,17,2,2,no,no,no,no,4,2,5,15,11,17,13.6
257,16,3,1,no,no,yes,yes,4,4,5,7,8,7,8.8
258,18,4,3,yes,yes,yes,no,3,2,1,11,15,9,14.1
259,17,3,2,yes,yes,no,no,1,2,1,2,13,17,15.0
260,15,3,0,no,yes,yes,no,4,1,1,16,10,9,11.7
261,16,3,3,no,no,yes,yes,5,5,5,20,6,14,8.2
262,15,3,1,yes,yes,no,yes,1,5,2,17,5,11,10.2
263,15,3,1,no,yes,yes,no,2,5,3,10,5,8,8.2
264,17,2,1,no,yes,no,yes,3,2,3,3,13,15,13.7
265,16,3,0,no,yes,yes,yes,2,1,2,15,8,8,10.0
266,18,3,3,no,yes,yes,yes,2,3,2,16,9,11,9.8
267,18,4,3,yes,no,yes,no,1,2,3,8,7,13,12.0
268,17,1,0,no,yes,yes,no,2,2,4,5,8,15,12.8
269,17,2,3,no,no,yes,yes,4,1,1,23,16,8,9.9
270,16,2,0,yes,no,yes,no,2,4,1,19,12,8,12.4
271,18,2,0,yes,no,yes,no,3,2,3,24,17,10,16.6
272,18,3,0,no,no,yes,yes,3,4,2,1,8,10,11.6
273,18,3,1,yes,no,no,yes,5,4,4,8,13,11,12.6
274,15,3,3,no,yes,no,no,3,5,3,20,13,5,8.4
275,18,4,0,no,yes,yes,yes,2,1,1,5,10,17,15.8
276,15,1,3,yes,yes,yes,no,3,4,5,2,6,15,7.3
277,16,3,1,no,no,no,no,1,1,2,19,16,7,11.0
278,15,1,0,no,yes,yes,yes,3,5,5,5,14,13,14.1
279,16,4,2,no,yes,yes,no,4,1,3,6,15,10,12.3
280,18,2,1,no,no,no,no,1,2,1,0,11,10,8.6
281,18,3,2,yes,no,yes,yes,5,4,4,22,13,9,11.6
282,16,1,3,yes,no,yes,yes,4,1,5,0,10,15,10.2
283,17,1,3,no,no,no,yes,2,3,4,4,7,7,4.1
284,16,3,1,yes,yes,yes,no,2,1,1,5,11,15,14.6
285,17,2,3,no,no,yes,yes,2,4,5,12,9,9,8.8
286,15,2,2,no,no,no,yes,4,5,4,1,5,5,4.7
287,15,2,0,no,yes,yes,yes,4,5,4,14,7,7,8.1
288,15,4,0,no,yes,no,yes,4,4,5,14,9,8,11.6
289,18,1,0,no,no,yes,no,1,2,1,12,11,9,12.2
290,15,1,1,yes,yes,yes,no,1,2,4,24,7,14,12.1
291,17,1,3,no,no,no,yes,2,5,3,13,10,13,7.3
292,15,4,2,yes,no,no,no,3,5,5,21,9,8,9.3
293,16,1,3,yes,yes,yes,yes,2,4,2,6,17,7,9.4
294,16,4,3,no,yes,no,yes,5,2,2,13,5,14,8.7
295,18,2,3,no,no,no,no,1,5,1,23,14,5,6.9
296,16,3,0,no,no,yes,no,4,2,3,9,10,17,15.9
297,17,1,2,no,no,yes,yes,1,5,4,16,12,14,12.1
298,15,1,2,no,yes,yes,yes,4,1,2,13,17,10,12.8
299,18,2,3,yes,no,no,no,5,3,1,7,17,11,12.7
300,15,3,0,no,no,no,yes,5,1,3,3,5,14,10.3
301,15,4,0,no,no,no,no,1,5,3,15,6,12,11.2
302,17,3,2,yes,no,no,yes,4,3,1,23,8,16,12.5
303,16,2,0,yes,no,yes,yes,5,3,1,12,16,5,11.9
304,16,2,0,no,yes,no,no,2,5,4,21,6,16,13.7
305,15,3,0,yes,no,yes,no,2,5,1,24,15,8,13.7
306,18,4,1,no,no,no,no,4,2,4,19,13,15,16.6
307,16,4,3,yes,no,yes,no,1,5,4,17,14,9,10.4
308,18,1,2,yes,no,yes,no,5,4,5,13,12,6,9.1
309,16,4,2,no,yes,yes,no,1,5,3,17,12,5,9.2
310,18,3,1,yes,yes,no,no,2,4,3,4,8,12,13.7
311,17,2,3,yes,yes,yes,yes,5,5,3,8,9,10,7.4
312,18,1,2,yes,no,yes,yes,1,2,5,2,8,9,7.3
313,17,1,0,yes,no,no,yes,3,4,4,7,17,17,18.4
314,17,2,2,yes,yes,yes,no,4,1,4,19,13,13,13.0
315,18,4,0,yes,yes,no,no,4,4,1,21,17,17,20.0
316,17,2,1,no,yes,no,no,3,2,5,9,6,15,10.6
317,15,4,0,no,no,yes,yes,2,4,1,21,17,17,19.9
318,17,2,2,yes,no,yes,no,5,5,5,18,15,15,13.1
319,16,3,2,no,yes,no,no,4,5,1,20,12,6,10.0
320,18,4,2,no,yes,yes,yes,3,2,2,2,6,14,13.7
321,15,3,1,no,yes,no,no,3,3,3,10,5,16,12.0
322,18,1,1,yes,no,no,yes,2,5,3,10,14,12,12.5
323,16,2,3,no,no,no,yes,2,1,4,16,7,15,8.0
324,16,1,2,yes,no,yes,no,1,2,2,15,13,14,13.5
325,16,1,0,no,yes,no,no,4,4,3,6,16,17,17.7
326,17,1,1,yes,yes,yes,no,1,4,4,3,7,13,10.3
327,17,1,2,yes,no,yes,yes,3,1,2,22,13,5,9.2
328,18,2,2,no,yes,yes,yes,5,5,3,18,11,11,8.1
329,18,1,1,no,no,yes,yes,5,2,1,11,17,12,14.9
330,15,2,3,yes,yes,no,no,2,1,5,14,14,7,9.7
331,15,2,1,no,yes,yes,no,5,5,2,10,5,8,5.9
332,18,3,1,no,yes,no,no,5,2,4,4,14,17,15.3
333,17,4,0,no,yes,no,no,5,4,2,4,9,7,11.3
334,16,4,0,yes,no,yes,yes,3,2,4,14,13,11,17.6
335,18,2,3,yes,yes,no,yes,5,3,2,17,16,13,13.3
336,15,3,2,no,no,no,yes,5,2,4,10,7,7,6.1
337,17,2,1,no,no,yes,yes,5,3,3,11,13,17,15.6
338,18,2,3,no,no,no,no,1,2,1,1,9,10,9.3
339,18,2,0,yes,yes,no,no,3,3,3,19,13,12,15.5
340,17,3,1,yes,no,no,no,2,4,1,14,14,10,14.7
341,18,4,2,no,no,no,yes,1,5,3,19,10,6,10.0
342,17,3,0,no,no,yes,yes,4,3,3,3,13,17,17.9
343,16,1,0,no,yes,no,no,3,3,2,21,11,11,11.0
344,17,3,0,no,yes,no,no,3,4,5,17,11,6,9.2
345,17,3,3,no,no,no,yes,4,3,4,5,12,6,6.9
346,17,3,2,no,yes,no,no,4,1,4,22,11,6,7.4
347,18,3,1,yes,no,yes,yes,4,4,4,18,16,15,18.4
348,18,4,3,no,no,no,yes,2,1,1,10,13,5,9.4
349,17,1,3,yes,yes,yes,yes,5,4,4,23,15,15,13.4
350,18,4,3,no,no,no,no,3,3,4,1,13,5,7.3
351,15,4,0,no,yes,yes,no,5,1,2,7,10,11,15.5
352,15,3,2,yes,yes,yes,yes,5,3,3,10,11,17,14.6
353,18,2,3,yes,no,yes,no,4,4,4,4,6,16,10.6
354,18,2,1,yes,yes,yes,yes,2,3,5,17,13,9,12.4
355,17,4,2,yes,yes,yes,yes,1,1,4,22,16,15,17.5
356,16,4,1,no,no,no,yes,2,1,1,17,17,7,14.6
357,18,3,2,yes,no,no,yes,5,3,1,13,5,5,5.3
358,15,4,1,no,yes,no,no,2,2,1,21,5,15,13.3
359,17,3,0,yes,yes,yes,yes,4,4,4,9,7,14,12.3
360,18,2,3,no,no,no,yes,1,4,2,2,16,10,10.0
361,15,2,1,no,yes,yes,no,4,3,5,8,10,15,14.2
362,15,1,2,no,yes,yes,yes,1,2,4,2,9,5,6.0
363,16,2,3,no,yes,no,yes,5,1,2,10,6,13,10.0
364,17,4,3,no,yes,no,no,1,5,2,11,13,6,9.2
365,17,2,2,no,yes,yes,no,1,5,4,11,17,5,11.9
366,16,3,1,yes,yes,yes,no,1,3,4,2,14,16,15.3
367,16,2,0,no,yes,no,yes,2,2,2,20,8,11,9.7
368,17,1,0,yes,no,no,no,2,2,2,6,8,10,11.7
369,17,2,1,yes,no,no,no,5,4,2,13,9,10,9.2
370,18,3,3,no,no,no,yes,1,1,4,23,12,9,9.1
371,18,3,3,yes,no,yes,yes,3,2,2,10,14,15,15.5
372,16,4,3,no,no,no,yes,5,5,1,6,8,8,8.1
373,18,2,3,yes,yes,no,yes,1,1,4,24,9,15,11.0
374,15,3,1,no,yes,no,yes,1,1,1,20,16,8,12.8
375,18,1,3,yes,yes,yes,no,2,3,3,9,8,7,5.9
376,18,4,2,no,yes,yes,no,5,2,4,10,10,14,13.4
377,15,1,3,no,no,yes,no,1,3,3,14,16,12,10.5
378,16,2,0,no,yes,yes,yes,1,2,2,18,7,11,11.0
379,15,2,3,no,yes,no,yes,5,4,2,15,12,13,11.6
380,18,2,1,yes,no,yes,yes,3,3,5,21,10,5,8.7
381,16,4,0,no,yes,no,no,5,3,2,20,14,11,15.8
382,18,3,1,yes,yes,no,no,5,5,3,19,9,14,14.2
383,15,4,1,yes,no,no,yes,3,3,2,11,17,8,16.1
384,15,1,0,yes,yes,no,no,5,2,4,17,6,11,11.2
385,18,4,1,no,yes,yes,yes,1,5,2,22,14,17,16.5
386,17,1,1,yes,yes,yes,no,5,3,5,12,14,16,15.1
387,17,4,3,yes,yes,yes,no,3,3,2,4,11,5,8.1
388,15,3,2,yes,yes,no,no,4,4,3,3,6,9,7.6
389,15,1,1,no,no,no,yes,5,3,3,13,5,7,3.8
390,17,2,1,no,no,no,no,2,1,2,7,11,9,7.1
391,17,2,1,yes,no,no,no,1,5,3,8,9,8,11.1
392,18,4,3,no,no,no,yes,1,1,3,24,5,6,3.5
393,18,2,2,no,no,yes,no,2,5,5,18,8,15,12.3
394,17,1,0,yes,no,no,yes,2,4,4,2,16,8,14.5
395,18,2,3,yes,yes,yes,yes,5,3,5,4,17,7,10.6
396,18,3,3,no,no,no,yes,2,3,1,20,8,17,11.9
397,16,3,2,yes,no,no,yes,4,3,5,17,14,5,10.9
398,18,4,2,no,yes,yes,yes,3,5,2,0,11,16,13.2
399,15,1,3,no,yes,yes,no,2,3,4,7,13,14,10.7
400,18,3,0,no,no,no,yes,2,1,2,18,6,12,10.4
401,18,3,3,no,yes,no,yes,4,3,1,16,16,9,12.0
402,17,1,2,no,no,no,yes,1,4,4,16,5,8,4.2
403,15,2,0,no,yes,no,yes,1,1,3,10,6,14,11.5
404,18,2,2,yes,no,yes,no,5,3,5,1,11,16,13.6
405,18,4,0,yes,yes,no,yes,4,3,2,5,17,9,17.3
406,16,2,1,no,yes,yes,no,3,2,1,21,14,8,13.1
407,18,1,2,no,no,no,yes,3,5,3,13,10,7,6.7
408,18,3,2,no,no,yes,no,4,1,5,2,8,9,9.7
409,16,2,3,yes,no,yes,yes,3,2,3,11,5,8,6.0
410,17,4,2,no,no,no,yes,1,4,5,3,17,5,13.2
411,18,2,2,yes,no,yes,no,3,5,4,11,5,16,10.4
412,16,1,1,no,yes,no,yes,3,1,3,12,9,7,8.3
413,15,4,2,no,no,yes,no,4,3,3,1,5,14,10.2
414,17,2,1,yes,no,no,yes,4,1,3,1,16,14,13.4
415,15,4,1,yes,yes,yes,no,3,3,4,14,11,12,13.4
416,15,1,1,no,yes,no,yes,2,5,1,22,17,11,14.2
417,16,3,1,no,no,no,yes,4,3,5,16,15,6,12.2
418,18,1,0,no,yes,yes,no,5,4,3,6,5,5,4.5
419,16,1,3,yes,yes,yes,yes,5,3,4,13,5,7,4.4
420,16,1,0,yes,no,yes,yes,1,4,1,11,6,9,9.8
421,16,1,2,yes,yes,yes,yes,3,5,5,16,17,14,14.9
422,16,3,0,yes,yes,no,yes,2,5,4,13,15,15,19.1
423,17,3,0,yes,no,yes,yes,1,1,5,5,16,16,20.0
424,18,4,2,yes,no,no,yes,3,4,3,18,14,5,11.3
425,15,2,2,no,yes,yes,no,4,4,1,23,7,7,5.7
426,15,3,2,no,yes,no,no,5,2,4,5,17,7,13.0
427,18,3,0,yes,no,no,no,2,2,1,17,15,9,15.9
428,15,2,0,no,yes,no,yes,5,2,3,23,5,7,6.2
429,18,3,2,no,yes,no,no,4,3,1,4,13,17,15.2
430,15,1,3,yes,yes,yes,yes,3,2,1,23,14,13,10.5
431,16,1,3,no,no,yes,yes,4,4,2,23,12,5,4.7
432,15,2,1,yes,yes,no,yes,4,3,1,5,9,8,9.2
433,18,4,2,yes,yes,yes,yes,5,5,5,1,17,17,18.8
434,18,4,1,no,no,yes,no,2,1,4,7,15,17,18.4
435,18,2,3,yes,yes,no,yes,4,2,2,14,6,14,8.6
436,18,2,1,yes,yes,yes,no,5,5,4,14,9,14,12.5
437,18,1,2,yes,no,yes,yes,2,4,4,10,10,8,7.9
438,17,4,2,yes,no,yes,no,3,1,3,21,5,5,7.8
439,17,3,2,yes,no,no,no,3,5,3,21,15,6,8.6
440,15,1,0,yes,no,yes,no,1,1,2,23,8,15,13.0
441,18,2,1,yes,yes,no,no,5,2,3,0,13,5,11.9
442,15,4,3,yes,yes,yes,no,2,4,3,17,6,10,9.1
443,18,3,3,no,no,yes,no,4,1,3,11,9,7,8.1
444,18,3,3,no,no,yes,yes,3,5,4,11,5,11,4.8
445,17,1,0,no,yes,no,no,2,2,2,24,8,9,8.1
446,17,4,0,yes,no,no,yes,5,2,4,10,8,13,15.2
447,16,4,2,yes,yes,yes,no,1,5,5,7,10,11,13.9
448,17,2,3,no,no,no,yes,3,5,4,6,14,8,7.9
449,16,4,0,no,yes,yes,no,2,1,5,22,13,9,13.8
450,16,4,2,no,no,no,no,2,3,1,20,7,9,9.2
451,16,1,3,yes,no,no,yes,2,2,1,1,13,15,10.7
452,16,4,1,no,yes,yes,no,5,1,5,10,10,9,12.0
453,16,3,2,no,no,yes,no,5,5,5,21,11,14,9.8
454,15,1,0,yes,yes,yes,no,5,1,4,9,16,13,16.8
455,17,1,0,no,yes,yes,yes,4,5,5,2,14,14,13.8
456,16,2,2,yes,yes,no,no,2,4,2,19,6,7,6.3
457,18,4,2,yes,yes,no,yes,3,5,1,9,15,10,15.0
458,17,2,0,yes,yes,no,no,5,5,1,17,14,12,16.0
459,17,3,1,no,no,yes,no,5,5,5,13,10,15,13.7
460,16,1,3,no,no,yes,yes,2,3,3,17,10,13,9.7
461,15,1,1,yes,yes,no,no,5,5,3,23,6,17,10.4
462,16,1,2,no,no,yes,no,4,2,5,7,6,11,7.1
463,15,3,1,no,yes,no,yes,4,2,2,9,6,16,11.4
464,18,3,0,no,no,no,no,5,1,3,21,14,7,13.8
465,17,2,2,no,no,no,yes,2,3,5,12,16,5,10.4
466,18,2,3,yes,no,no,yes,2,1,2,20,5,8,6.2
467,15,2,0,no,no,no,yes,2,2,2,7,9,17,16.2
468,15,4,0,yes,yes,yes,no,1,2,4,3,12,10,16.3
469,18,1,3,yes,yes,yes,yes,5,4,2,3,6,7,4.5
470,15,1,3,no,no,yes,yes,2,5,3,4,17,5,8.2
471,18,2,1,yes,no,no,no,4,2,3,0,9,10,11.5
472,17,1,2,no,yes,no,yes,3,1,5,16,16,5,9.0
473,18,2,3,no,no,no,no,3,1,5,1,12,13,11.2
474,17,4,3,yes,yes,no,no,2,5,2,7,14,15,12.9
475,18,4,2,yes,yes,yes,no,3,5,1,6,9,16,16.2
476,15,3,3,yes,yes,yes,no,3,4,4,14,6,5,5.4
477,18,4,3,yes,no,no,yes,1,3,1,24,7,17,11.0
478,15,2,1,no,yes,no,yes,4,1,2,4,10,10,9.5
479,18,4,0,no,no,no,yes,4,5,2,1,15,5,11.1
480,18,3,0,no,yes,yes,yes,1,1,1,6,15,16,16.8
481,16,1,0,yes,no,yes,yes,1,5,4,7,9,11,11.7
482,15,2,0,yes,no,yes,no,3,2,1,6,15,7,15.1
483,16,1,3,yes,no,no,yes,5,1,5,6,8,10,7.6
484,15,3,2,no,yes,no,yes,3,2,3,13,8,11,9.7
485,16,3,2,yes,yes,yes,yes,1,1,5,20,9,5,6.9
486,17,3,1,no,no,no,no,4,3,3,17,6,5,5.9
487,18,1,1,yes,no,yes,no,3,4,2,5,13,17,14.9
488,15,1,3,no,no,no,yes,5,2,4,3,6,9,4.0
489,15,1,2,no,yes,yes,no,3,5,1,9,14,10,10.0
490,18,1,2,yes,yes,no,yes,2,3,4,17,6,13,8.6
491,15,3,0,yes,yes,yes,yes,3,1,1,11,14,5,12.6
492,15,3,3,no,yes,yes,no,1,2,5,15,13,17,13.1
493,16,2,3,no,no,yes,no,4,1,5,24,7,8,5.6
494,15,2,0,yes,no,yes,yes,4,1,1,6,14,14,16.3
495,17,1,3,yes,yes,yes,yes,1,1,4,5,11,12,8.1
496,17,4,3,no,yes,yes,no,2,4,1,4,8,14,10.6
497,18,4,1,yes,no,no,yes,1,4,2,2,17,13,17.9
498,15,3,2,no,yes,no,no,3,5,5,11,17,17,15.4
499,18,3,3,no,yes,no,yes,1,2,2,14,10,7,6.7
500,17,3,1,yes,yes,yes,no,1,3,5,9,8,15,14.3
501,15,2,2,yes,yes,yes,yes,2,3,5,19,14,6,9.1
502,15,2,0,yes,yes,no,yes,3,3,3,18,11,8,10.9
503,18,3,1,yes,yes,yes,no,5,1,2,15,5,6,7.4
504,17,3,1,yes,no,yes,yes,5,4,2,10,7,5,8.8
505,15,3,2,no,yes,yes,yes,4,2,3,7,17,16,18.3
506,18,4,0,no,yes,yes,no,1,1,4,2,7,7,10.9
507,17,2,1,yes,no,yes,yes,4,4,2,22,5,11,10.5
508,18,4,3,yes,no,no,yes,2,4,1,6,10,17,14.4
509,16,4,3,yes,no,no,yes,5,2,3,22,17,17,16.9
510,15,3,3,no,yes,no,no,1,2,2,6,15,5,9.5
511,16,3,0,yes,no,no,no,2,2,4,13,13,6,12.8
512,17,1,1,yes,yes,no,no,2,1,2,1,12,5,9.5
513,16,1,3,no,yes,yes,yes,1,5,5,9,15,12,9.8
514,16,4,0,no,yes,yes,yes,2,2,1,18,11,9,13.7
515,17,2,3,yes,no,yes,yes,1,5,3,8,14,12,11.9
516,18,3,2,yes,no,yes,yes,1,1,5,15,12,7,10.7
517,16,3,1,yes,no,no,no,3,5,4,18,10,17,15.6
518,18,4,1,no,no,no,yes,4,3,5,17,13,16,16.2
519,16,1,0,yes,no,no,yes,2,5,5,8,7,11,11.3
520,18,2,0,yes,yes,yes,yes,2,2,4,15,14,12,15.2
521,17,1,1,yes,yes,no,no,3,1,5,12,14,10,11.0
522,16,1,3,no,yes,yes,yes,3,2,3,9,13,17,10.3
523,17,1,3,no,yes,no,yes,3,3,2,24,8,17,9.9
524,16,1,2,yes,no,no,yes,5,2,5,19,11,11,10.0
525,17,3,3,yes,no,yes,yes,5,2,3,13,17,16,14.6
526,17,3,0,no,yes,yes,yes,5,2,2,11,13,6,12.0
527,16,1,0,no,no,no,no,1,4,2,24,6,12,9.7
528,16,2,3,no,no,no,yes,2,3,5,18,6,9,5.0
529,16,4,0,no,yes,yes,yes,4,2,3,6,13,11,15.4
530,15,2,1,no,yes,no,yes,1,2,5,22,16,5,12.2
531,18,2,1,no,no,no,yes,2,2,4,14,17,9,14.7
532,15,2,3,no,no,yes,yes,2,1,2,15,7,5,4.1
533,15,1,1,no,yes,no,yes,3,4,5,7,13,16,14.0
534,17,3,1,no,yes,yes,yes,3,1,2,9,17,17,18.4
535,16,2,2,yes,yes,no,yes,1,4,3,3,9,12,11.0
536,18,1,2,yes,no,yes,yes,3,2,1,18,10,8,8.1
537,17,2,1,yes,yes,no,yes,2,3,5,18,6,8,8.6
538,15,2,3,no,yes,yes,no,3,5,5,20,12,6,5.4
539,16,1,2,yes,no,no,no,5,5,2,14,15,9,11.5
540,17,3,0,no,no,yes,no,3,2,3,13,13,5,11.9
541,16,3,0,no,no,no,no,2,1,4,0,6,13,11.4
542,17,4,0,yes,no,no,yes,1,3,3,15,10,9,13.6
543,16,1,3,no,no,no,no,4,4,5,9,10,10,6.1
544,15,4,1,yes,yes,no,no,3,2,4,18,12,6,10.7
545,18,4,0,yes,yes,no,yes,2,3,3,21,14,14,18.4
546,15,4,3,yes,no,no,no,4,3,1,2,16,14,14.9
547,18,3,2,no,no,no,no,4,4,2,4,9,5,5.2
548,16,1,1,yes,no,no,yes,5,3,3,8,13,8,10.0
549,17,4,2,no,no,no,yes,4,1,3,17,5,11,7.8
550,15,1,3,yes,no,yes,yes,2,1,1,10,13,10,10.5
551,18,1,0,yes,yes,yes,no,2,1,5,15,14,14,16.0
552,15,3,0,yes,yes,no,no,3,3,2,1,11,5,10.5
553,18,4,3,no,yes,yes,yes,3,1,3,11,8,5,5.5
554,15,4,0,no,yes,no,yes,3,4,4,21,7,12,14.0
555,18,1,1,no,no,no,no,4,3,3,5,14,8,11.5
556,18,2,3,yes,yes,yes,yes,4,5,2,10,15,9,9.9
557,16,3,2,yes,no,no,no,5,3,3,7,10,17,15.7
558,18,3,3,no,no,no,yes,3,4,1,11,16,11,12.2
559,16,3,1,no,no,yes,yes,1,5,3,1,17,12,16.5
560,18,3,1,no,yes,yes,no,5,3,3,8,5,14,10.5
561,17,4,3,no,no,no,yes,1,1,4,14,7,11,9.8
562,17,4,3,no,yes,yes,yes,4,2,1,1,6,6,4.4
563,17,2,0,no,yes,yes,yes,5,2,1,0,15,8,12.8
564,18,3,1,yes,no,no,no,5,1,3,9,17,14,18.9
565,16,3,3,no,no,yes,yes,2,2,4,1,13,16,10.9
566,16,1,3,yes,no,yes,yes,4,2,3,11,7,5,4.2
567,18,4,1,yes,yes,no,yes,4,1,3,22,17,14,18.1
568,17,3,3,no,no,yes,yes,5,1,2,7,6,13,9.0
569,17,2,0,no,yes,yes,yes,4,3,2,4,8,7,10.2
570,16,2,1,yes,no,no,yes,5,3,4,21,6,16,13.1
571,17,4,0,no,no,no,no,2,1,5,0,5,7,9.4
572,15,2,0,no,yes,no,no,5,4,2,14,10,14,13.6
573,16,2,0,yes,yes,yes,yes,4,2,5,5,14,13,15.8
574,17,4,0,yes,yes,no,no,4,3,1,11,12,14,17.4
575,16,3,1,yes,yes,no,no,5,2,2,7,14,7,14.2
576,15,3,0,no,yes,yes,yes,5,5,2,12,14,12,14.6
577,16,2,0,yes,yes,no,no,5,1,4,18,6,6,8.2
578,16,2,3,no,no,no,no,3,4,5,0,13,17,12.9
579,16,3,1,yes,no,no,no,4,5,2,10,17,7,15.2
580,16,4,1,yes,yes,no,no,4,5,2,19,7,6,9.7
581,15,2,2,yes,no,yes,no,3,5,4,0,12,5,9.7
582,18,1,1,no,yes,no,no,5,1,4,7,16,6,11.6
583,16,4,1,no,no,no,no,2,3,5,4,12,12,14.6
584,16,2,2,yes,no,yes,no,5,1,1,16,7,13,9.1
585,17,2,1,yes,yes,no,yes,5,3,1,7,7,17,15.1
586,16,1,1,yes,yes,yes,yes,3,5,3,24,16,6,13.0
587,17,1,1,no,yes,yes,no,4,5,2,9,10,11,10.2
588,18,3,1,yes,no,yes,no,5,4,5,1,5,9,7.8
589,15,4,2,no,yes,no,yes,4,3,2,8,8,7,6.7
590,15,4,1,yes,no,yes,no,1,5,5,23,5,13,12.3
591,18,3,1,yes,yes,yes,no,4,2,5,22,7,10,10.0
592,15,4,2,yes,no,yes,yes,2,4,5,2,13,15,14.1
593,18,4,3,yes,no,no,yes,2,1,2,17,9,5,6.0
594,18,4,0,yes,yes,no,yes,5,4,4,6,16,9,16.2
595,18,4,3,yes,no,no,no,4,2,2,14,9,11,10.8
596,15,4,2,no,no,no,no,5,3,5,20,15,8,13.7
597,17,1,0,yes,yes,no,yes,3,1,3,21,8,12,12.3
598,18,4,2,no,no,no,yes,2,1,1,19,7,14,10.9
599,16,1,2,yes,yes,no,no,5,3,5,17,9,9,8.8
600,15,4,1,yes,yes,yes,yes,3,4,3,24,15,13,17.3
601,18,3,0,no,yes,yes,no,5,5,4,2,8,13,13.6
602,18,2,1,yes,yes,yes,no,4,4,5,22,12,13,13.9
603,16,1,0,no,no,yes,yes,4,2,3,13,8,5,8.3
604,17,4,2,no,no,no,yes,4,5,5,23,15,6,12.1
605,17,3,2,yes,no,yes,no,4,4,2,1,16,7,12.6
606,17,2,3,no,yes,yes,yes,1,3,3,13,12,8,7.9
607,18,1,0,no,no,yes,yes,3,2,2,21,10,14,13.7
608,18,2,1,yes,no,yes,yes,3,2,2,10,16,13,15.2
609,18,3,3,no,yes,no,yes,4,2,3,15,15,14,11.8
610,15,1,3,yes,yes,no,no,1,5,1,7,9,17,9.7
611,16,2,3,yes,no,no,no,4,1,3,6,8,10,7.2
612,18,4,1,yes,yes,yes,no,1,5,1,10,8,5,10.2
613,16,1,3,yes,yes,no,no,4,4,5,2,16,16,13.8
614,16,2,1,no,yes,yes,yes,2,1,5,16,8,13,11.1
615,17,3,3,yes,yes,no,yes,2,4,3,13,15,10,11.8
616,15,3,1,yes,no,no,no,5,1,5,5,17,8,14.2
617,18,1,2,no,yes,no,no,4,5,4,7,17,8,9.9
618,17,2,2,yes,yes,no,yes,3,2,2,21,13,7,10.1
619,17,1,2,yes,yes,no,no,5,3,2,4,8,11,8.7
620,18,1,2,no,yes,yes,no,2,2,1,7,16,7,10.3
621,16,2,2,no,yes,no,yes,4,5,5,1,13,6,9.0
622,17,2,3,no,yes,yes,no,5,1,1,14,17,14,13.3
623,16,4,3,no,yes,yes,yes,4,2,2,11,14,12,11.1
624,15,2,3,no,yes,yes,yes,2,5,2,16,10,8,8.1
625,16,3,1,no,no,yes,no,5,4,5,0,14,12,14.1
626,15,1,1,no,yes,yes,yes,2,3,4,14,17,5,10.7
627,16,1,1,yes,no,no,no,1,2,4,13,11,9,12.2
628,17,3,1,no,yes,no,yes,2,1,5,19,16,17,18.6
629,17,2,2,no,yes,no,no,4,4,5,21,14,13,13.1
630,15,3,2,no,yes,no,no,3,5,1,15,7,5,6.0
631,18,3,2,yes,yes,yes,no,2,3,5,8,12,15,14.5
632,15,4,0,yes,no,no,yes,3,1,4,0,7,17,16.4
633,15,3,3,no,yes,no,yes,1,5,5,16,5,8,5.7
634,16,1,1,no,yes,yes,no,5,5,1,12,17,10,14.8
635,16,3,1,no,no,yes,yes,5,2,1,20,17,14,19.2
636,15,1,2,yes,no,no,no,3,2,1,20,14,12,12.7
637,17,1,1,yes,yes,no,no,5,1,1,4,16,7,9.9
638,16,1,1,no,no,yes,yes,2,5,3,9,9,9,7.6
639,18,2,3,yes,no,no,no,3,2,5,5,6,11,9.3
640,16,4,2,no,no,no,yes,4,3,2,23,14,5,11.0
641,16,1,3,yes,yes,no,no,2,3,5,18,10,11,9.1
642,18,1,0,yes,yes,no,yes,2,5,3,24,17,17,18.6
643,15,2,0,no,yes,yes,no,2,2,1,12,14,16,15.4
644,18,1,0,no,no,yes,no,4,1,3,0,13,15,16.5
645,15,3,2,no,yes,yes,yes,1,1,4,19,5,12,7.7
646,15,3,1,no,no,no,no,5,1,4,24,17,12,16.4
647,15,4,2,yes,yes,no,no,3,3,5,14,8,13,11.0
648,18,1,2,yes,yes,no,yes,1,2,5,13,5,10,6.7
649,15,2,1,yes,no,no,no,3,2,2,7,5,16,12.9
650,17,3,3,no,yes,no,yes,5,3,2,9,12,10,9.6
651,18,2,0,yes,no,yes,no,4,1,4,8,17,6,13.7
652,17,2,3,no,no,no,yes,2,1,1,16,15,7,9.0
653,15,3,0,yes,yes,no,no,2,5,3,8,6,8,9.1
654,16,2,2,no,no,yes,no,4,4,2,2,5,8,4.2
655,15,3,0,no,yes,no,no,1,2,2,10,15,12,16.6
656,17,2,2,yes,yes,yes,yes,1,2,1,11,12,5,8.3
657,17,3,3,no,no,yes,yes,3,2,1,9,8,14,10.5
658,18,1,2,no,yes,yes,yes,4,4,5,24,7,8,7.0
659,16,4,3,yes,no,yes,yes,1,5,3,16,17,15,17.8
660,18,3,1,no,yes,yes,no,4,4,1,16,16,16,15.6
661,17,3,1,no,yes,no,no,5,1,2,24,8,17,13.0
662,15,4,1,no,yes,yes,yes,2,1,2,10,15,15,17.5
663,16,3,2,yes,yes,yes,yes,2,2,4,21,9,15,13.6
664,15,3,1,yes,yes,no,yes,2,3,1,3,5,8,10.9
665,15,2,0,no,no,no,no,4,2,5,6,15,5,10.7
666,16,4,3,yes,no,yes,yes,4,3,3,20,5,7,7.8
667,18,1,3,no,no,no,yes,3,4,5,13,7,9,5.6
668,15,3,0,no,no,no,no,2,1,2,6,10,10,10.8
669,17,4,2,no,no,yes,no,3,3,5,23,5,13,9.3
670,15,2,2,no,no,yes,yes,2,4,2,7,15,13,13.5
671,16,1,3,no,yes,no,no,3,1,2,0,16,13,10.0
672,16,4,1,yes,yes,yes,yes,3,3,2,23,6,15,11.4
673,16,1,2,no,no,yes,no,5,2,2,21,16,5,7.1
674,18,1,2,yes,no,no,yes,3,2,2,3,11,16,13.2
675,15,1,0,yes,yes,yes,yes,4,2,4,11,5,13,10.3
676,18,3,0,no,yes,yes,yes,3,4,5,23,17,17,18.8
677,18,3,1,no,yes,yes,yes,2,2,4,2,11,12,12.1
678,16,2,2,yes,no,yes,no,3,5,4,12,8,6,5.8
679,16,2,2,yes,no,yes,no,1,1,1,19,14,17,15.2
680,18,4,0,yes,no,no,no,2,4,1,5,10,15,14.9
681,15,2,2,no,yes,no,no,1,2,1,10,12,5,8.9
682,17,1,3,yes,yes,yes,yes,2,1,3,22,13,5,8.9
683,18,1,0,no,no,no,yes,4,3,1,3,10,16,11.5
684,15,3,1,no,no,yes,no,4,2,5,19,16,10,13.7
685,16,1,0,no,yes,yes,no,4,1,4,15,15,13,14.4
686,16,4,2,yes,yes,yes,no,1,5,5,6,17,11,15.6
687,15,1,1,no,yes,yes,no,5,3,1,21,13,9,11.6
688,17,1,0,no,yes,yes,no,2,5,3,10,8,15,11.8
689,16,4,3,no,no,no,yes,4,1,3,23,10,6,7.5
690,16,2,3,no,yes,no,yes,2,5,4,0,12,5,9.5
691,16,2,0,no,yes,yes,yes,1,1,5,6,13,6,11.0
692,15,4,3,yes,yes,no,no,5,1,2,11,7,5,8.4
693,18,3,3,no,no,yes,no,1,5,5,6,6,7,5.8
694,16,1,3,no,no,no,no,2,1,1,22,10,10,6.6
695,18,4,1,yes,yes,yes,no,5,2,2,6,8,17,14.8
696,17,1,3,no,yes,no,yes,5,1,3,9,5,12,5.7
697,16,3,3,yes,yes,yes,yes,1,4,4,15,12,7,8.2
698,16,1,3,no,no,yes,no,4,1,4,7,13,14,9.8
699,17,4,1,yes,no,no,yes,2,4,3,8,13,13,15.6
700,16,1,0,yes,no,no,yes,3,1,1,8,6,14,12.1
701,18,2,2,no,yes,yes,no,3,1,3,1,13,9,12.0
702,15,3,3,no,no,no,no,1,5,1,12,11,11,9.3
703,18,3,0,no,yes,yes,no,2,2,2,12,9,12,13.4
704,15,3,3,yes,yes,no,no,2,2,3,22,11,7,7.2
705,15,4,1,yes,yes,no,no,1,3,1,22,17,6,15.6
706,18,3,0,yes,no,yes,no,2,5,2,3,13,6,11.2
707,18,2,1,no,yes,no,yes,4,5,3,24,12,9,11.7
708,18,4,3,yes,no,no,yes,1,2,4,23,10,5,8.0
709,18,2,3,yes,no,yes,no,4,5,3,11,17,6,10.4
710,17,1,1,no,yes,no,yes,2,2,5,16,8,17,11.8
711,16,1,2,yes,yes,yes,no,1,5,3,1,17,13,13.1
712,15,1,1,yes,no,yes,no,2,1,5,12,5,11,7.4
713,18,1,3,no,yes,yes,no,1,2,2,17,10,10,8.0
714,18,2,1,yes,no,yes,no,2,2,3,14,7,13,11.4
715,18,4,2,no,yes,yes,yes,4,4,2,7,10,11,11.0
716,17,4,1,no,no,no,no,4,5,2,14,10,15,14.9
717,18,3,2,no,no,yes,yes,2,5,1,0,8,9,8.6
718,18,2,2,no,no,yes,no,1,2,2,19,6,13,7.9
719,18,1,1,no,no,no,no,3,1,2,9,13,10,13.6
720,16,2,1,yes,yes,no,no,4,1,3,11,6,10,10.1
721,17,3,0,yes,yes,no,yes,4,1,3,4,7,15,14.5
722,18,3,3,no,no,yes,no,3,5,4,8,14,8,9.3
723,15,2,2,no,no,yes,no,2,4,1,22,5,17,11.2
724,15,2,0,yes,yes,yes,no,1,2,2,7,11,16,15.3
725,15,2,1,no,yes,no,yes,2,3,1,15,5,5,4.5
726,17,4,3,no,yes,yes,yes,5,4,5,13,15,9,13.3
727,17,1,0,no,yes,no,yes,4,3,2,24,13,15,14.8
728,15,2,2,yes,yes,yes,no,5,4,1,12,15,13,13.4
729,18,2,0,yes,yes,no,yes,4,1,4,22,15,17,18.6
730,17,2,2,no,no,yes,no,4,5,4,20,5,12,8.6
731,15,3,1,no,yes,yes,yes,5,3,2,12,9,12,12.3
732,15,3,3,yes,yes,yes,yes,5,4,5,4,11,9,10.8
733,18,4,3,yes,no,no,no,2,5,4,15,7,16,10.9
734,16,1,3,no,yes,no,yes,5,3,4,10,13,13,11.1
735,17,4,1,no,yes,yes,no,2,2,5,21,12,7,11.3
736,18,1,2,yes,yes,yes,no,2,4,1,4,17,7,11.5
737,15,3,1,yes,yes,yes,yes,2,2,4,12,7,5,9.4
738,15,3,3,yes,yes,no,no,4,1,3,10,9,13,11.5
739,18,3,1,no,no,yes,no,4,2,4,24,11,10,12.1
740,17,4,1,yes,yes,yes,yes,5,2,1,18,16,6,12.0
741,16,2,1,no,no,yes,yes,4,4,1,2,8,12,10.4
742,16,2,2,yes,no,yes,no,5,1,2,14,9,16,11.9
743,15,3,0,yes,yes,no,yes,4,2,3,6,7,13,14.1
744,17,2,0,yes,no,no,no,1,5,1,6,13,13,16.6
745,16,2,1,yes,yes,yes,no,1,3,5,5,14,6,11.1
746,17,4,0,no,no,yes,yes,5,2,3,2,13,6,12.0
747,17,1,0,no,no,no,yes,4,1,3,12,11,17,16.4
748,15,3,1,yes,yes,no,yes,4,2,5,6,14,11,14.1
749,16,3,1,no,yes,yes,yes,2,3,4,4,6,15,10.5
750,18,4,3,yes,yes,no,no,3,1,5,22,11,8,9.3
751,15,4,0,yes,yes,no,no,5,4,5,17,11,17,17.6
752,16,2,2,yes,yes,yes,yes,3,1,4,21,15,5,9.3
753,16,3,1,yes,no,no,yes,3,4,4,7,9,12,13.5
754,16,1,3,no,no,no,no,5,1,4,16,13,6,4.5
755,16,4,2,yes,no,yes,no,4,3,4,19,17,7,12.9
756,16,1,0,yes,no,yes,no,5,3,4,0,16,9,14.3
757,17,1,3,no,no,no,no,3,1,5,13,15,7,8.4
758,15,3,1,yes,no,yes,yes,4,2,2,16,7,11,12.9
759,17,3,2,yes,no,no,no,1,3,2,9,8,11,12.0
760,18,4,1,yes,yes,yes,no,5,4,1,11,5,6,6.9
761,16,3,0,no,yes,no,yes,5,4,2,15,10,17,14.0
762,15,3,2,yes,no,yes,no,4,5,2,13,8,17,13.5
763,16,3,0,no,no,no,no,1,4,5,15,5,11,9.7
764,15,1,0,yes,yes,no,yes,1,5,4,7,6,15,11.1
765,17,4,3,yes,yes,no,yes,4,1,4,22,7,10,9.1
766,15,2,1,no,yes,yes,yes,2,1,5,9,13,14,14.1
767,18,1,2,yes,yes,yes,no,5,1,2,16,17,13,13.6
768,18,3,0,yes,no,no,no,5,2,5,17,12,17,17.3
769,15,1,0,no,yes,no,yes,3,2,1,19,11,13,12.0
770,15,3,2,no,no,yes,yes,4,5,4,15,17,6,11.1
771,15,3,0,no,no,yes,no,3,4,3,16,15,11,15.9
772,15,1,3,no,no,yes,yes,3,4,1,15,16,9,8.6
773,18,4,3,no,yes,yes,yes,1,1,1,18,8,17,11.5
774,16,3,3,yes,yes,yes,yes,5,3,5,23,5,10,6.9
775,15,4,3,no,no,yes,no,3,2,2,23,12,5,8.1
776,15,2,0,yes,no,no,no,1,2,4,7,8,11,12.4
777,18,3,2,yes,no,yes,no,4,1,3,5,7,10,11.5
778,18,4,2,yes,yes,no,no,3,2,1,5,13,8,12.9
779,17,4,2,no,no,yes,no,5,1,3,20,14,5,10.9
780,15,2,2,no,yes,yes,no,3,5,2,8,8,13,9.4
781,17,4,1,yes,no,no,yes,4,4,2,3,8,8,10.0
782,18,4,2,no,no,no,no,3,3,3,11,13,6,9.8
783,18,2,1,no,no,yes,no,5,4,4,11,17,12,14.2
784,16,3,1,no,yes,no,yes,1,4,2,22,16,6,12.6
785,15,4,3,no,yes,no,no,5,5,3,16,15,9,9.9
786,17,4,1,yes,no,no,no,1,2,1,14,16,15,19.1
787,18,4,0,yes,yes,no,yes,2,3,3,8,6,10,12.1
788,18,1,1,no,no,yes,yes,5,2,3,6,16,15,15.8
789,17,2,3,yes,yes,no,yes,5,4,5,9,9,17,11.3
790,16,1,1,no,yes,yes,no,4,1,2,15,8,12,8.7
791,18,2,0,no,yes,yes,yes,3,4,4,11,13,15,15.2
792,15,3,0,yes,no,yes,no,1,2,4,24,16,5,13.5
793,18,3,0,yes,yes,yes,no,1,4,5,6,9,5,11.2
794,15,4,3,yes,yes,no,no,4,1,4,17,13,16,15.9
795,17,2,3,no,no,no,no,4,5,3,14,15,8,11.4
796,15,3,2,yes,no,yes,yes,3,2,5,5,13,9,11.5
797,17,2,3,no,no,yes,yes,3,4,1,11,6,17,6.2
798,15,3,0,yes,no,yes,no,5,2,2,10,13,17,18.0
799,17,1,0,yes,yes,yes,yes,2,5,2,19,7,13,12.0
800,15,3,3,no,yes,no,no,3,4,2,2,8,15,11.0
801,16,1,1,no,yes,yes,no,4,4,3,1,5,11,7.9
802,15,3,3,no,yes,no,no,3,2,1,5,5,11,6.3
803,15,4,3,no,yes,yes,yes,1,2,5,23,5,12,9.8
804,16,1,0,no,no,yes,no,2,1,5,21,13,9,10.8
805,18,3,2,no,yes,yes,no,5,5,2,24,15,9,11.7
806,18,4,0,no,yes,yes,yes,1,1,1,4,12,5,10.6
807,15,1,2,no,yes,no,yes,1,4,1,17,9,13,9.4
808,16,4,0,yes,no,no,yes,2,2,1,15,9,10,15.3
809,15,2,3,no,no,no,yes,5,4,4,7,13,13,10.9
810,17,2,0,no,yes,yes,no,4,4,4,24,7,7,8.5
811,17,1,0,yes,no,yes,yes,5,3,2,19,7,9,8.1
812,15,3,0,no,no,no,no,3,3,1,21,11,6,10.6
813,18,1,3,yes,no,no,yes,1,4,1,10,13,14,12.9
814,18,4,3,yes,no,yes,yes,3,2,5,9,10,9,9.8
815,15,3,3,no,no,yes,yes,4,4,5,23,6,17,10.0
816,15,2,3,yes,no,no,yes,3,3,2,24,5,17,11.1
817,17,3,2,no,no,yes,yes,5,2,1,11,6,17,11.2
818,18,2,2,yes,yes,yes,yes,3,4,2,20,5,12,10.0
819,15,3,1,yes,yes,no,no,4,5,5,5,14,15,15.4
820,17,3,3,yes,no,yes,yes,4,5,5,19,14,6,10.5
821,18,3,2,no,yes,no,yes,4,4,4,4,13,12,14.1
822,16,4,0,no,yes,yes,yes,5,2,2,22,14,8,15.2
823,17,4,3,yes,no,no,yes,4,4,2,8,16,14,13.7
824,18,1,1,yes,yes,yes,no,1,4,1,15,17,14,15.5
825,18,1,1,no,no,no,yes,4,3,1,21,12,5,7.9
826,17,2,1,no,no,no,yes,3,5,4,13,11,17,15.4
827,16,4,0,yes,no,no,yes,3,3,3,21,7,9,10.9
828,17,2,2,yes,yes,no,yes,3,3,3,7,12,17,13.7
829,18,1,0,no,yes,yes,no,5,4,3,19,6,5,4.7
830,15,2,3,no,yes,yes,yes,3,3,2,18,6,11,5.7
831,15,1,1,no,yes,no,no,5,5,2,13,15,12,11.8
832,17,4,0,no,no,yes,yes,5,3,5,6,14,7,15.3
833,18,3,0,no,no,yes,no,4,5,2,4,7,7,8.8
834,15,4,2,yes,yes,yes,no,1,3,2,17,11,11,13.5
835,18,2,2,no,no,yes,yes,4,5,2,1,5,8,5.7
836,17,2,1,yes,no,yes,yes,4,3,4,10,12,7,10.9
837,15,4,0,no,yes,no,no,5,3,2,21,16,12,16.6
838,18,4,0,yes,no,no,no,5,2,1,7,11,7,14.0
839,15,1,2,no,yes,no,yes,3,5,1,0,8,17,11.1
840,17,2,0,no,no,no,no,3,5,5,21,9,11,11.7
841,18,2,0,yes,yes,yes,no,4,5,4,11,14,6,12.0
842,15,4,0,yes,no,yes,no,2,1,1,1,17,15,19.8
843,17,3,2,no,no,no,yes,2,3,4,17,5,15,10.6
844,15,2,1,no,yes,yes,no,3,5,4,6,8,5,7.1
845,15,3,3,no,yes,yes,no,2,1,5,16,5,16,9.4
846,16,4,1,no,yes,no,no,3,2,4,21,5,10,8.7
847,16,4,3,no,yes,yes,yes,5,5,2,22,14,12,14.5
848,17,1,0,yes,no,no,yes,4,5,4,13,5,5,6.3
849,16,2,1,yes,no,no,no,1,1,5,23,11,17,15.4
850,17,3,3,no,yes,yes,yes,4,3,5,6,11,14,11.1
851,16,1,2,yes,no,yes,no,3,2,5,21,8,16,13.4
852,15,2,2,yes,yes,no,yes,3,5,1,24,17,13,14.9
853,17,1,1,yes,yes,no,yes,4,3,2,2,16,7,11.7
854,17,4,1,no,no,yes,no,3,2,1,5,6,7,8.6
855,15,2,0,yes,no,no,yes,2,4,3,19,16,8,13.9
856,17,1,1,no,yes,no,yes,2,4,2,1,7,15,10.7
857,17,1,0,yes,yes,no,yes,3,2,4,16,12,5,12.7
858,16,3,0,no,yes,yes,no,3,1,5,11,17,13,17.7
859,17,1,2,yes,no,no,yes,2,2,3,11,12,15,13.2
860,18,2,2,no,no,yes,yes,3,2,2,16,15,7,9.5
861,15,2,3,no,no,no,no,3,1,1,9,15,17,15.7
862,16,3,2,yes,no,yes,yes,4,1,5,2,10,14,14.9
863,16,2,2,no,yes,no,yes,1,3,1,19,14,8,11.1
864,18,4,1,no,yes,yes,yes,2,3,2,17,13,5,11.7
865,15,2,2,no,yes,yes,yes,4,1,2,12,15,8,10.5
866,15,2,3,no,yes,yes,yes,1,4,3,11,16,17,14.9
867,16,1,1,no,yes,no,no,3,4,4,16,13,5,7.8
868,17,1,3,no,yes,no,no,3,2,1,3,8,9,4.6
869,16,2,2,no,no,no,yes,4,5,3,22,16,9,10.2
870,15,3,3,no,no,yes,yes,3,2,5,9,5,15,9.2
871,18,1,1,yes,yes,no,yes,5,2,4,10,5,11,7.2
872,16,3,0,yes,yes,yes,no,4,5,3,5,16,12,16.9
873,15,2,3,no,no,no,no,1,1,1,5,14,8,8.9
874,16,2,3,no,no,yes,yes,4,4,2,8,9,11,9.0
875,17,4,1,yes,no,yes,yes,2,2,5,14,17,8,14.9
876,16,1,1,yes,no,yes,no,4,5,1,1,6,7,8.2
877,16,2,3,yes,yes,no,yes,3,3,4,3,10,10,9.9
878,15,4,2,no,yes,no,no,3,2,4,4,11,8,9.2
879,15,1,3,yes,yes,no,no,5,4,2,16,5,7,5.3
880,15,2,1,no,yes,yes,yes,5,1,2,7,10,13,11.6
881,16,2,0,no,yes,yes,no,5,2,5,7,12,9,11.6
882,17,1,0,yes,no,no,yes,1,2,5,21,16,17,18.0
883,18,1,2,no,yes,no,yes,5,5,2,11,9,11,8.4
884,18,1,3,no,no,no,yes,1,3,2,20,16,16,12.8
885,15,2,0,no,yes,yes,yes,5,3,4,7,11,10,11.3
886,15,2,3,no,yes,yes,yes,1,1,2,18,14,14,11.2
887,16,4,1,yes,yes,yes,yes,4,4,3,2,10,9,12.6
888,18,3,0,yes,yes,yes,no,4,1,1,17,8,11,12.7
889,15,1,2,no,yes,yes,no,3,2,2,20,11,15,11.9
890,17,2,1,no,no,no,no,1,2,5,18,14,10,12.5
891,17,2,2,yes,no,yes,no,2,3,3,18,13,14,13.8
892,15,1,1,no,no,yes,yes,3,4,5,14,14,6,10.2
893,15,3,0,yes,yes,yes,no,4,5,3,5,14,17,20.0
894,18,1,2,no,yes,yes,no,1,4,2,15,17,17,16.9
895,18,3,2,no,no,yes,no,5,2,1,7,11,17,15.3
896,16,2,1,yes,yes,no,yes,2,5,5,15,16,7,13.8
897,18,3,2,yes,yes,yes,no,4,4,3,17,9,6,10.6
898,17,4,1,yes,no,yes,yes,3,4,4,19,11,16,16.9
899,17,2,1,yes,yes,yes,no,1,5,2,15,7,7,8.7
900,15,4,1,no,no,no,yes,2,2,1,10,6,5,9.7
901,18,1,1,yes,yes,no,yes,1,4,2,6,15,12,11.4
902,16,1,0,no,no,no,no,5,5,4,16,9,10,10.1
903,17,1,1,yes,yes,yes,yes,3,2,1,16,8,17,14.4
904,17,3,3,yes,yes,no,yes,1,5,4,11,9,6,8.3
905,16,2,2,no,no,yes,no,4,5,2,12,12,12,13.8
906,16,1,3,yes,yes,yes,no,3,4,3,9,16,10,11.3
907,17,1,0,yes,yes,no,no,4,2,2,6,8,11,10.9
908,17,2,3,yes,no,yes,yes,1,4,2,13,13,15,12.7
909,16,1,2,yes,yes,yes,yes,3,1,2,22,11,5,7.7
910,17,4,3,no,no,yes,yes,4,1,5,0,14,11,13.7
911,15,2,0,no,yes,no,no,5,2,4,16,17,7,15.2
912,15,2,1,yes,yes,yes,yes,5,5,4,3,16,15,16.8
913,16,2,3,yes,yes,yes,yes,1,4,4,20,11,16,12.8
914,18,4,0,yes,yes,no,yes,3,4,5,4,17,12,18.1
915,16,2,0,no,no,yes,yes,2,2,3,19,17,10,14.6
916,16,4,2,no,yes,yes,yes,3,2,2,23,12,8,11.8
917,18,2,2,no,no,no,yes,5,1,3,22,16,15,16.3
918,18,3,3,no,yes,yes,yes,4,3,5,24,10,12,9.1
919,18,1,1,yes,yes,yes,no,2,2,4,6,12,13,13.3
920,15,3,0,yes,yes,yes,no,1,3,2,9,7,14,13.7
921,17,1,3,yes,yes,yes,no,2,2,1,16,14,6,9.1
922,15,4,0,no,no,yes,yes,1,5,1,6,14,10,14.8
923,17,3,0,yes,no,no,yes,2,5,3,0,5,9,8.5
924,15,2,1,no,no,no,no,1,1,4,6,10,9,10.9
925,17,1,1,no,no,no,yes,1,1,1,23,5,14,8.8
926,15,1,3,yes,yes,no,no,2,3,3,10,13,15,12.0
927,18,3,1,yes,no,yes,yes,2,2,5,8,6,7,9.1
928,16,4,1,yes,no,yes,yes,1,4,3,11,15,16,18.9
929,15,3,3,no,yes,yes,no,5,1,3,2,6,12,8.3
930,17,4,1,no,yes,yes,no,2,4,3,3,11,12,11.9
931,18,4,2,yes,yes,yes,no,3,4,2,3,6,16,13.4
932,15,1,0,yes,yes,no,no,4,2,3,24,14,9,11.4
933,15,3,0,no,no,no,no,1,3,3,12,12,12,15.2
934,18,3,0,yes,no,yes,yes,1,2,2,22,10,14,16.5
935,15,4,0,no,yes,yes,yes,4,1,2,18,11,12,13.3
936,16,3,3,no,yes,yes,yes,5,4,5,9,11,7,8.1
937,15,2,0,yes,yes,no,no,4,2,4,4,10,6,11.7
938,16,2,0,yes,no,yes,no,2,2,1,6,14,13,15.7
939,16,3,0,yes,no,yes,no,4,2,1,23,15,6,14.6
940,18,3,0,yes,yes,yes,no,1,1,3,15,13,13,13.6
941,15,4,2,no,yes,no,no,4,3,5,0,17,8,14.4
942,18,2,0,no,no,yes,no,3,2,3,11,13,16,16.1
943,15,2,2,no,yes,no,yes,2,1,1,1,11,17,12.9
944,15,1,3,yes,yes,no,yes,4,4,2,6,13,6,8.7
945,17,4,1,no,no,no,yes,1,5,4,10,17,14,19.2
946,15,1,0,yes,yes,no,yes,2,1,5,12,14,5,11.8
947,18,2,1,yes,no,no,yes,1,5,2,1,7,8,10.5
948,16,4,1,yes,yes,no,no,5,2,4,6,7,13,11.4
949,15,3,3,yes,yes,yes,no,3,2,5,14,5,16,11.0
950,17,4,1,yes,no,yes,no,5,1,5,24,9,13,13.9
951,18,3,2,yes,no,yes,no,3,5,1,10,8,8,8.2
952,15,3,1,no,yes,no,no,4,2,2,1,6,13,8.8
953,18,4,1,yes,no,yes,no,2,4,5,6,13,16,18.1
954,17,3,1,no,yes,no,yes,4,3,5,3,7,10,10.6
955,17,1,0,no,yes,no,no,3,3,4,10,12,5,10.6
956,18,2,0,yes,no,no,no,3,2,1,1,10,14,15.8
957,15,3,2,yes,yes,yes,no,3,5,3,15,17,17,17.2
958,16,1,2,yes,yes,no,no,1,2,1,6,9,10,10.2
959,17,3,0,no,no,no,yes,2,5,3,12,5,13,12.8
960,15,2,2,yes,no,yes,yes,4,4,2,4,8,17,12.4
961,15,1,0,no,yes,yes,no,4,5,2,16,7,6,7.3
962,16,2,3,yes,no,no,yes,5,2,5,20,5,10,5.6
963,17,2,1,yes,no,no,yes,3,4,2,11,16,6,13.9
964,17,1,1,no,no,yes,no,3,1,5,18,9,8,6.6
965,15,1,2,no,no,yes,no,3,3,1,6,10,12,9.9
966,15,1,0,yes,yes,yes,no,4,2,2,5,6,17,12.7
967,16,4,0,no,yes,no,no,5,2,1,7,7,11,11.1
968,16,1,2,no,yes,yes,no,1,2,1,12,15,15,11.5
969,17,1,0,no,no,yes,yes,2,4,2,4,10,16,13.6
970,18,1,3,no,no,yes,no,1,1,1,1,8,17,8.4
971,17,1,1,no,no,no,no,4,5,2,8,13,13,12.7
972,15,3,2,yes,no,yes,no,3,1,2,10,9,11,12.8
973,17,4,2,yes,no,yes,yes,2,4,2,23,8,5,8.5
974,18,2,0,no,no,yes,no,4,2,3,5,6,6,9.6
975,16,1,2,yes,no,yes,no,4,3,1,6,10,10,8.4
976,18,3,3,yes,yes,yes,no,4,2,4,24,14,11,11.0
977,18,3,0,no,yes,no,yes,2,5,2,6,6,7,7.9
978,18,3,0,yes,no,no,no,2,3,1,18,16,13,17.8
979,16,2,0,no,no,no,no,5,2,5,5,17,17,20.0
980,18,1,0,no,no,yes,no,5,3,2,10,11,11,10.1
981,18,4,3,yes,yes,no,yes,1,1,2,10,7,10,9.7
982,18,4,0,no,yes,no,no,2,4,4,6,13,17,17.5
983,15,3,2,no,no,no,no,2,2,3,1,15,10,12.3
984,18,2,3,no,no,yes,no,2,5,3,18,9,5,3.7
985,16,2,1,no,yes,yes,yes,5,1,2,3,12,17,15.8
986,18,2,1,no,yes,no,no,4,2,1,5,15,9,12.4
987,18,4,2,yes,yes,no,no,3,1,5,16,10,14,14.9
988,16,3,2,yes,yes,yes,no,5,5,5,24,16,7,12.7
989,18,1,3,no,no,yes,yes,2,2,1,4,14,11,7.8
990,16,4,1,no,yes,no,yes,5,5,2,6,12,14,16.1
991,18,3,1,yes,yes,yes,no,1,3,5,8,17,7,12.2
992,16,3,1,no,no,no,yes,2,5,3,24,17,9,12.3
993,18,1,1,yes,yes,yes,yes,1,3,1,0,15,11,12.7
994,18,1,1,no,yes,no,yes,2,2,4,0,16,7,10.2
995,15,1,0,no,yes,no,no,5,3,2,18,7,17,14.2
996,15,2,2,no,no,yes,no,4,2,1,5,7,17,11.0
997,18,1,0,no,yes,no,yes,3,2,5,17,9,14,13.5
998,18,3,1,no,no,no,yes,1,4,2,9,15,6,11.1
999,17,1,3,no,no,no,yes,5,2,3,10,14,10,9.5
